{
  "/login-2" : {
    "transaction" : "/login-2",
    "sampleCount" : 1,
    "errorCount" : 0,
    "errorPct" : 0.0,
    "meanResTime" : 792.0,
    "medianResTime" : 792.0,
    "minResTime" : 792.0,
    "maxResTime" : 792.0,
    "pct1ResTime" : 792.0,
    "pct2ResTime" : 792.0,
    "pct3ResTime" : 792.0,
    "throughput" : 1.2626262626262628,
    "receivedKBytesPerSec" : 0.8261324179292929,
    "sentKBytesPerSec" : 0.6017203282828283
  },
  "Check" : {
    "transaction" : "Check",
    "sampleCount" : 5,
    "errorCount" : 0,
    "errorPct" : 0.0,
    "meanResTime" : 319.4,
    "medianResTime" : 318.0,
    "minResTime" : 315.0,
    "maxResTime" : 325.0,
    "pct1ResTime" : 325.0,
    "pct2ResTime" : 325.0,
    "pct3ResTime" : 325.0,
    "throughput" : 0.20453243884480077,
    "receivedKBytesPerSec" : 0.05940229229730835,
    "sentKBytesPerSec" : 0.04434199357768142
  },
  "Delete Item" : {
    "transaction" : "Delete Item",
    "sampleCount" : 5,
    "errorCount" : 0,
    "errorPct" : 0.0,
    "meanResTime" : 357.0,
    "medianResTime" : 359.0,
    "minResTime" : 349.0,
    "maxResTime" : 363.0,
    "pct1ResTime" : 363.0,
    "pct2ResTime" : 363.0,
    "pct3ResTime" : 363.0,
    "throughput" : 0.20484247613585152,
    "receivedKBytesPerSec" : 0.04120854500389201,
    "sentKBytesPerSec" : 0.0480099553443402
  },
  "Login" : {
    "transaction" : "Login",
    "sampleCount" : 5,
    "errorCount" : 0,
    "errorPct" : 0.0,
    "meanResTime" : 433.8,
    "medianResTime" : 340.0,
    "minResTime" : 332.0,
    "maxResTime" : 819.0,
    "pct1ResTime" : 819.0,
    "pct2ResTime" : 819.0,
    "pct3ResTime" : 819.0,
    "throughput" : 0.20037670821143752,
    "receivedKBytesPerSec" : 0.04852873401995752,
    "sentKBytesPerSec" : 0.04586748086402437
  },
  "View" : {
    "transaction" : "View",
    "sampleCount" : 5,
    "errorCount" : 0,
    "errorPct" : 0.0,
    "meanResTime" : 320.8,
    "medianResTime" : 325.0,
    "minResTime" : 311.0,
    "maxResTime" : 327.0,
    "pct1ResTime" : 327.0,
    "pct2ResTime" : 327.0,
    "pct3ResTime" : 327.0,
    "throughput" : 0.2045575420365749,
    "receivedKBytesPerSec" : 0.09868303297467577,
    "sentKBytesPerSec" : 0.03975288170437344
  },
  "Add to cart 2" : {
    "transaction" : "Add to cart 2",
    "sampleCount" : 5,
    "errorCount" : 0,
    "errorPct" : 0.0,
    "meanResTime" : 351.6,
    "medianResTime" : 347.0,
    "minResTime" : 340.0,
    "maxResTime" : 371.0,
    "pct1ResTime" : 371.0,
    "pct2ResTime" : 371.0,
    "pct3ResTime" : 371.0,
    "throughput" : 0.20465801645450452,
    "receivedKBytesPerSec" : 0.03937268480618886,
    "sentKBytesPerSec" : 0.05911898561254144
  },
  "contact/check-49" : {
    "transaction" : "contact/check-49",
    "sampleCount" : 1,
    "errorCount" : 0,
    "errorPct" : 0.0,
    "meanResTime" : 319.0,
    "medianResTime" : 319.0,
    "minResTime" : 319.0,
    "maxResTime" : 319.0,
    "pct1ResTime" : 319.0,
    "pct2ResTime" : 319.0,
    "pct3ResTime" : 319.0,
    "throughput" : 3.134796238244514,
    "receivedKBytesPerSec" : 1.9714929467084639,
    "sentKBytesPerSec" : 1.4541291144200628
  },
  "Select by category" : {
    "transaction" : "Select by category",
    "sampleCount" : 5,
    "errorCount" : 0,
    "errorPct" : 0.0,
    "meanResTime" : 336.6,
    "medianResTime" : 336.0,
    "minResTime" : 329.0,
    "maxResTime" : 347.0,
    "pct1ResTime" : 347.0,
    "pct2ResTime" : 347.0,
    "pct3ResTime" : 347.0,
    "throughput" : 0.20444044649793516,
    "receivedKBytesPerSec" : 0.42984402471684996,
    "sentKBytesPerSec" : 0.04092801907429366
  },
  "Add to cart" : {
    "transaction" : "Add to cart",
    "sampleCount" : 5,
    "errorCount" : 0,
    "errorPct" : 0.0,
    "meanResTime" : 351.4,
    "medianResTime" : 344.0,
    "minResTime" : 336.0,
    "maxResTime" : 369.0,
    "pct1ResTime" : 369.0,
    "pct2ResTime" : 369.0,
    "pct3ResTime" : 369.0,
    "throughput" : 0.20442372950652113,
    "receivedKBytesPerSec" : 0.03948731806288074,
    "sentKBytesPerSec" : 0.05905130780080952
  },
  "Total" : {
    "transaction" : "Total",
    "sampleCount" : 48,
    "errorCount" : 0,
    "errorPct" : 0.0,
    "meanResTime" : 353.6874999999999,
    "medianResTime" : 333.5,
    "minResTime" : 311.0,
    "maxResTime" : 819.0,
    "pct1ResTime" : 365.4,
    "pct2ResTime" : 602.5499999999988,
    "pct3ResTime" : 819.0,
    "throughput" : 1.7397607828923523,
    "receivedKBytesPerSec" : 0.8871534070315331,
    "sentKBytesPerSec" : 0.4248524714570497
  },
  "Check2" : {
    "transaction" : "Check2",
    "sampleCount" : 5,
    "errorCount" : 0,
    "errorPct" : 0.0,
    "meanResTime" : 317.4,
    "medianResTime" : 318.0,
    "minResTime" : 314.0,
    "maxResTime" : 319.0,
    "pct1ResTime" : 319.0,
    "pct2ResTime" : 319.0,
    "pct3ResTime" : 319.0,
    "throughput" : 0.20452407248333127,
    "receivedKBytesPerSec" : 0.05939986245756126,
    "sentKBytesPerSec" : 0.044340179776659716
  },
  "view2" : {
    "transaction" : "view2",
    "sampleCount" : 5,
    "errorCount" : 0,
    "errorPct" : 0.0,
    "meanResTime" : 320.0,
    "medianResTime" : 318.0,
    "minResTime" : 313.0,
    "maxResTime" : 329.0,
    "pct1ResTime" : 329.0,
    "pct2ResTime" : 329.0,
    "pct3ResTime" : 329.0,
    "throughput" : 0.20485086856768273,
    "receivedKBytesPerSec" : 0.1092271232792527,
    "sentKBytesPerSec" : 0.039809885590789906
  },
  "/check-22" : {
    "transaction" : "/check-22",
    "sampleCount" : 1,
    "errorCount" : 0,
    "errorPct" : 0.0,
    "meanResTime" : 326.0,
    "medianResTime" : 326.0,
    "minResTime" : 326.0,
    "maxResTime" : 326.0,
    "pct1ResTime" : 326.0,
    "pct2ResTime" : 326.0,
    "pct3ResTime" : 326.0,
    "throughput" : 3.067484662576687,
    "receivedKBytesPerSec" : 1.6984998082822085,
    "sentKBytesPerSec" : 1.4229054831288344
  }
}