{
  "/login-2" : {
    "transaction" : "/login-2",
    "sampleCount" : 1,
    "errorCount" : 0,
    "errorPct" : 0.0,
    "meanResTime" : 563.0,
    "medianResTime" : 563.0,
    "minResTime" : 563.0,
    "maxResTime" : 563.0,
    "pct1ResTime" : 563.0,
    "pct2ResTime" : 563.0,
    "pct3ResTime" : 563.0,
    "throughput" : 1.7761989342806395,
    "receivedKBytesPerSec" : 1.019926731793961,
    "sentKBytesPerSec" : 0.8464698046181173
  },
  "contact/check-49" : {
    "transaction" : "contact/check-49",
    "sampleCount" : 1,
    "errorCount" : 0,
    "errorPct" : 0.0,
    "meanResTime" : 409.0,
    "medianResTime" : 409.0,
    "minResTime" : 409.0,
    "maxResTime" : 409.0,
    "pct1ResTime" : 409.0,
    "pct2ResTime" : 409.0,
    "pct3ResTime" : 409.0,
    "throughput" : 2.444987775061125,
    "receivedKBytesPerSec" : 1.733458129584352,
    "sentKBytesPerSec" : 1.1341496026894866
  },
  "Registration" : {
    "transaction" : "Registration",
    "sampleCount" : 7,
    "errorCount" : 7,
    "errorPct" : 100.0,
    "meanResTime" : 501.28571428571433,
    "medianResTime" : 374.0,
    "minResTime" : 369.0,
    "maxResTime" : 1196.0,
    "pct1ResTime" : 1196.0,
    "pct2ResTime" : 1196.0,
    "pct3ResTime" : 1196.0,
    "throughput" : 0.3246301535036869,
    "receivedKBytesPerSec" : 0.19120933427630665,
    "sentKBytesPerSec" : 0.15583877765153273
  },
  "Total" : {
    "transaction" : "Total",
    "sampleCount" : 31,
    "errorCount" : 8,
    "errorPct" : 25.806452,
    "meanResTime" : 432.3548387096775,
    "medianResTime" : 376.0,
    "minResTime" : 314.0,
    "maxResTime" : 1196.0,
    "pct1ResTime" : 566.8,
    "pct2ResTime" : 837.1999999999991,
    "pct3ResTime" : 1196.0,
    "throughput" : 0.1743267332857215,
    "receivedKBytesPerSec" : 0.09797092117619934,
    "sentKBytesPerSec" : 0.08339060751460689
  },
  "Invalid Login" : {
    "transaction" : "Invalid Login",
    "sampleCount" : 16,
    "errorCount" : 1,
    "errorPct" : 6.25,
    "meanResTime" : 379.1875,
    "medianResTime" : 359.0,
    "minResTime" : 314.0,
    "maxResTime" : 598.0,
    "pct1ResTime" : 552.5,
    "pct2ResTime" : 598.0,
    "pct3ResTime" : 598.0,
    "throughput" : 0.12663738177213188,
    "receivedKBytesPerSec" : 0.06919298349756618,
    "sentKBytesPerSec" : 0.06082211652617832
  },
  "Valid Login" : {
    "transaction" : "Valid Login",
    "sampleCount" : 5,
    "errorCount" : 0,
    "errorPct" : 0.0,
    "meanResTime" : 489.2,
    "medianResTime" : 476.0,
    "minResTime" : 369.0,
    "maxResTime" : 567.0,
    "pct1ResTime" : 567.0,
    "pct2ResTime" : 567.0,
    "pct3ResTime" : 567.0,
    "throughput" : 0.34525618008562353,
    "receivedKBytesPerSec" : 0.18179895732633616,
    "sentKBytesPerSec" : 0.16433384977903606
  },
  "/check-22" : {
    "transaction" : "/check-22",
    "sampleCount" : 1,
    "errorCount" : 0,
    "errorPct" : 0.0,
    "meanResTime" : 409.0,
    "medianResTime" : 409.0,
    "minResTime" : 409.0,
    "maxResTime" : 409.0,
    "pct1ResTime" : 409.0,
    "pct2ResTime" : 409.0,
    "pct3ResTime" : 409.0,
    "throughput" : 2.444987775061125,
    "receivedKBytesPerSec" : 1.5663202933985332,
    "sentKBytesPerSec" : 1.1341496026894866
  }
}